alphacode;superficie;capitale;nom;population
AF|652230.0|KABUL|AFGHANISTAN|40218234
AX|1580.0|MARIEHAMN|ÅLAND ISLANDS|28875
AL|28748.0|TIRANA|ALBANIA|2837743
DZ|2381741.0|ALGIERS|ALGERIA|44700000
AS|199.0|PAGO PAGO|AMERICAN SAMOA|55197
AD|468.0|ANDORRA LA VELLA|ANDORRA|77265
AO|1246700.0|LUANDA|ANGOLA|32866268
AI|91.0|THE VALLEY|ANGUILLA|13452
AQ|1.4E7||ANTARCTICA|1000
AG|442.0|SAINT JOHN'S|ANTIGUA AND BARBUDA|97928
AR|2780400.0|BUENOS AIRES|ARGENTINA|45376763
AM|29743.0|YEREVAN|ARMENIA|2963234
AW|180.0|ORANJESTAD|ARUBA|106766
AU|7692024.0|CANBERRA|AUSTRALIA|25687041
AT|83871.0|VIENNA|AUSTRIA|8917205
AZ|86600.0|BAKU|AZERBAIJAN|10110116
BS|13943.0|NASSAU|BAHAMAS|393248
BH|765.0|MANAMA|BAHRAIN|1701583
BD|147570.0|DHAKA|BANGLADESH|164689383
BB|430.0|BRIDGETOWN|BARBADOS|287371
BY|207600.0|MINSK|BELARUS|9398861
BE|30528.0|BRUSSELS|BELGIUM|11555997
BZ|22966.0|BELMOPAN|BELIZE|397621
BJ|112622.0|PORTO-NOVO|BENIN|12123198
BM|54.0|HAMILTON|BERMUDA|63903
BT|38394.0|THIMPHU|BHUTAN|771612
BO|1098581.0|SUCRE|BOLIVIA (PLURINATIONAL STATE OF)|11673029
BQ|294.0|KRALENDIJK|BONAIRE, SINT EUSTATIUS AND SABA|17408
BA|51209.0|SARAJEVO|BOSNIA AND HERZEGOVINA|3280815
BW|582000.0|GABORONE|BOTSWANA|2351625
BV|49.0||BOUVET ISLAND|0
BR|8515767.0|BRASÍLIA|BRAZIL|212559409
IO|60.0|DIEGO GARCIA|BRITISH INDIAN OCEAN TERRITORY|3000
UM|0.0||UNITED STATES MINOR OUTLYING ISLANDS|300
VG|151.0|ROAD TOWN|VIRGIN ISLANDS (BRITISH)|30237
VI|346.36|CHARLOTTE AMALIE|VIRGIN ISLANDS (U.S.)|106290
BN|5765.0|BANDAR SERI BEGAWAN|BRUNEI DARUSSALAM|437483
BG|110879.0|SOFIA|BULGARIA|6927288
BF|272967.0|OUAGADOUGOU|BURKINA FASO|20903278
BI|27834.0|GITEGA|BURUNDI|11890781
KH|181035.0|PHNOM PENH|CAMBODIA|16718971
CM|475442.0|YAOUNDÉ|CAMEROON|26545864
CA|9984670.0|OTTAWA|CANADA|38005238
CV|4033.0|PRAIA|CABO VERDE|555988
KY|264.0|GEORGE TOWN|CAYMAN ISLANDS|65720
CF|622984.0|BANGUI|CENTRAL AFRICAN REPUBLIC|4829764
TD|1284000.0|N'DJAMENA|CHAD|16425859
CL|756102.0|SANTIAGO|CHILE|19116209
CN|9640011.0|BEIJING|CHINA|1402112000
CX|135.0|FLYING FISH COVE|CHRISTMAS ISLAND|2072
CC|14.0|WEST ISLAND|COCOS (KEELING) ISLANDS|550
CO|1141748.0|BOGOTÁ|COLOMBIA|50882884
KM|1862.0|MORONI|COMOROS|869595
CG|342000.0|BRAZZAVILLE|CONGO|5518092
CD|2344858.0|KINSHASA|CONGO (DEMOCRATIC REPUBLIC OF THE)|89561404
CK|236.0|AVARUA|COOK ISLANDS|18100
CR|51100.0|SAN JOSÉ|COSTA RICA|5094114
HR|56594.0|ZAGREB|CROATIA|4047200
CU|109884.0|HAVANA|CUBA|11326616
CW|444.0|WILLEMSTAD|CURAÇAO|155014
CY|9251.0|NICOSIA|CYPRUS|1207361
CZ|78865.0|PRAGUE|CZECH REPUBLIC|10698896
DK|43094.0|COPENHAGEN|DENMARK|5831404
DJ|23200.0|DJIBOUTI|DJIBOUTI|988002
DM|751.0|ROSEAU|DOMINICA|71991
DO|48671.0|SANTO DOMINGO|DOMINICAN REPUBLIC|10847904
EC|276841.0|QUITO|ECUADOR|17643060
EG|1002450.0|CAIRO|EGYPT|102334403
SV|21041.0|SAN SALVADOR|EL SALVADOR|6486201
GQ|28051.0|MALABO|EQUATORIAL GUINEA|1402985
ER|117600.0|ASMARA|ERITREA|5352000
EE|45227.0|TALLINN|ESTONIA|1331057
ET|1104300.0|ADDIS ABABA|ETHIOPIA|114963583
FK|12173.0|STANLEY|FALKLAND ISLANDS (MALVINAS)|2563
FO|1393.0|TÓRSHAVN|FAROE ISLANDS|48865
FJ|18272.0|SUVA|FIJI|896444
FI|338424.0|HELSINKI|FINLAND|5530719
FR|640679.0|PARIS|FRANCE|67391582
GF|0.0|CAYENNE|FRENCH GUIANA|254541
PF|4167.0|PAPEETĒ|FRENCH POLYNESIA|280904
TF|7747.0|PORT-AUX-FRANÇAIS|FRENCH SOUTHERN TERRITORIES|140
GA|267668.0|LIBREVILLE|GABON|2225728
GM|11295.0|BANJUL|GAMBIA|2416664
GE|69700.0|TBILISI|GEORGIA|3714000
DE|357114.0|BERLIN|GERMANY|83240525
GH|238533.0|ACCRA|GHANA|31072945
GI|6.0|GIBRALTAR|GIBRALTAR|33691
GR|131990.0|ATHENS|GREECE|10715549
GL|2166086.0|NUUK|GREENLAND|56367
GD|344.0|ST. GEORGE'S|GRENADA|112519
GP|0.0|BASSE-TERRE|GUADELOUPE|400132
GU|549.0|HAGÅTÑA|GUAM|168783
GT|108889.0|GUATEMALA CITY|GUATEMALA|16858333
GG|78.0|ST. PETER PORT|GUERNSEY|62999
GN|245857.0|CONAKRY|GUINEA|13132792
GW|36125.0|BISSAU|GUINEA-BISSAU|1967998
GY|214969.0|GEORGETOWN|GUYANA|786559
HT|27750.0|PORT-AU-PRINCE|HAITI|11402533
HM|412.0||HEARD ISLAND AND MCDONALD ISLANDS|0
VA|0.44|VATICAN CITY|VATICAN CITY|451
HN|112492.0|TEGUCIGALPA|HONDURAS|9904608
HU|93028.0|BUDAPEST|HUNGARY|9749763
HK|1104.0|CITY OF VICTORIA|HONG KONG|7481800
IS|103000.0|REYKJAVÍK|ICELAND|366425
IN|3287590.0|NEW DELHI|INDIA|1380004385
ID|1904569.0|JAKARTA|INDONESIA|273523621
CI|322463.0|YAMOUSSOUKRO|IVORY COAST|26378275
IR|1648195.0|TEHRAN|IRAN (ISLAMIC REPUBLIC OF)|83992953
IQ|438317.0|BAGHDAD|IRAQ|40222503
IE|70273.0|DUBLIN|IRELAND|4994724
IM|572.0|DOUGLAS|ISLE OF MAN|85032
IL|20770.0|JERUSALEM|ISRAEL|9216900
IT|301336.0|ROME|ITALY|59554023
JM|10991.0|KINGSTON|JAMAICA|2961161
JP|377930.0|TOKYO|JAPAN|125836021
JE|116.0|SAINT HELIER|JERSEY|100800
JO|89342.0|AMMAN|JORDAN|10203140
KZ|2724900.0|NUR-SULTAN|KAZAKHSTAN|18754440
KE|580367.0|NAIROBI|KENYA|53771300
KI|811.0|SOUTH TARAWA|KIRIBATI|119446
KW|17818.0|KUWAIT CITY|KUWAIT|4270563
KG|199951.0|BISHKEK|KYRGYZSTAN|6591600
LA|236800.0|VIENTIANE|LAO PEOPLE'S DEMOCRATIC REPUBLIC|7275556
LV|64559.0|RIGA|LATVIA|1901548
LB|10452.0|BEIRUT|LEBANON|6825442
LS|30355.0|MASERU|LESOTHO|2142252
LR|111369.0|MONROVIA|LIBERIA|5057677
LY|1759540.0|TRIPOLI|LIBYA|6871287
LI|160.0|VADUZ|LIECHTENSTEIN|38137
LT|65300.0|VILNIUS|LITHUANIA|2794700
LU|2586.0|LUXEMBOURG|LUXEMBOURG|632275
MO|30.0||MACAO|649342
MK|25713.0|SKOPJE|NORTH MACEDONIA|2083380
MG|587041.0|ANTANANARIVO|MADAGASCAR|27691019
MW|118484.0|LILONGWE|MALAWI|19129955
MY|330803.0|KUALA LUMPUR|MALAYSIA|32365998
MV|300.0|MALÉ|MALDIVES|540542
ML|1240192.0|BAMAKO|MALI|20250834
MT|316.0|VALLETTA|MALTA|525285
MH|181.0|MAJURO|MARSHALL ISLANDS|59194
MQ|0.0|FORT-DE-FRANCE|MARTINIQUE|378243
MR|1030700.0|NOUAKCHOTT|MAURITANIA|4649660
MU|2040.0|PORT LOUIS|MAURITIUS|1265740
YT|0.0|MAMOUDZOU|MAYOTTE|226915
MX|1964375.0|MEXICO CITY|MEXICO|128932753
FM|702.0|PALIKIR|MICRONESIA (FEDERATED STATES OF)|115021
MD|33846.0|CHIȘINĂU|MOLDOVA (REPUBLIC OF)|2617820
MC|2.02|MONACO|MONACO|39244
MN|1564110.0|ULAN BATOR|MONGOLIA|3278292
ME|13812.0|PODGORICA|MONTENEGRO|621718
MS|102.0|PLYMOUTH|MONTSERRAT|4922
MA|446550.0|RABAT|MOROCCO|36910558
MZ|801590.0|MAPUTO|MOZAMBIQUE|31255435
MM|676578.0|NAYPYIDAW|MYANMAR|54409794
NA|825615.0|WINDHOEK|NAMIBIA|2540916
NR|21.0|YAREN|NAURU|10834
NP|147181.0|KATHMANDU|NEPAL|29136808
NL|41850.0|AMSTERDAM|NETHERLANDS|17441139
NC|18575.0|NOUMÉA|NEW CALEDONIA|271960
NZ|270467.0|WELLINGTON|NEW ZEALAND|5084300
NI|130373.0|MANAGUA|NICARAGUA|6624554
NE|1267000.0|NIAMEY|NIGER|24206636
NG|923768.0|ABUJA|NIGERIA|206139587
NU|260.0|ALOFI|NIUE|1470
NF|36.0|KINGSTON|NORFOLK ISLAND|2302
KP|120538.0|PYONGYANG|KOREA (DEMOCRATIC PEOPLE'S REPUBLIC OF)|25778815
MP|464.0|SAIPAN|NORTHERN MARIANA ISLANDS|57557
NO|323802.0|OSLO|NORWAY|5379475
OM|309500.0|MUSCAT|OMAN|5106622
PK|881912.0|ISLAMABAD|PAKISTAN|220892331
PW|459.0|NGERULMUD|PALAU|18092
PS|0.0|RAMALLAH|PALESTINE, STATE OF|4803269
PA|75417.0|PANAMA CITY|PANAMA|4314768
PG|462840.0|PORT MORESBY|PAPUA NEW GUINEA|8947027
PY|406752.0|ASUNCIÓN|PARAGUAY|7132530
PE|1285216.0|LIMA|PERU|32971846
PH|342353.0|MANILA|PHILIPPINES|109581085
PN|47.0|ADAMSTOWN|PITCAIRN|56
PL|312679.0|WARSAW|POLAND|37950802
PT|92090.0|LISBON|PORTUGAL|10305564
PR|8870.0|SAN JUAN|PUERTO RICO|3194034
QA|11586.0|DOHA|QATAR|2881060
XK|10908.0|PRISTINA|REPUBLIC OF KOSOVO|1775378
RE|0.0|SAINT-DENIS|RÉUNION|840974
RO|238391.0|BUCHAREST|ROMANIA|19286123
RU|1.7124442E7|MOSCOW|RUSSIAN FEDERATION|144104080
RW|26338.0|KIGALI|RWANDA|12952209
BL|21.0|GUSTAVIA|SAINT BARTHÉLEMY|9417
SH|0.0|JAMESTOWN|SAINT HELENA, ASCENSION AND TRISTAN DA CUNHA|4255
KN|261.0|BASSETERRE|SAINT KITTS AND NEVIS|53192
LC|616.0|CASTRIES|SAINT LUCIA|183629
MF|53.0|MARIGOT|SAINT MARTIN (FRENCH PART)|38659
PM|242.0|SAINT-PIERRE|SAINT PIERRE AND MIQUELON|6069
VC|389.0|KINGSTOWN|SAINT VINCENT AND THE GRENADINES|110947
WS|2842.0|APIA|SAMOA|198410
SM|61.0|CITY OF SAN MARINO|SAN MARINO|33938
ST|964.0|SÃO TOMÉ|SAO TOME AND PRINCIPE|219161
SA|2149690.0|RIYADH|SAUDI ARABIA|34813867
SN|196722.0|DAKAR|SENEGAL|16743930
RS|88361.0|BELGRADE|SERBIA|6908224
SC|452.0|VICTORIA|SEYCHELLES|98462
SL|71740.0|FREETOWN|SIERRA LEONE|7976985
SG|710.0|SINGAPORE|SINGAPORE|5685807
SX|34.0|PHILIPSBURG|SINT MAARTEN (DUTCH PART)|40812
SK|49037.0|BRATISLAVA|SLOVAKIA|5458827
SI|20273.0|LJUBLJANA|SLOVENIA|2100126
SB|28896.0|HONIARA|SOLOMON ISLANDS|686878
SO|637657.0|MOGADISHU|SOMALIA|15893219
ZA|1221037.0|PRETORIA|SOUTH AFRICA|59308690
GS|0.0|KING EDWARD POINT|SOUTH GEORGIA AND THE SOUTH SANDWICH ISLANDS|30
KR|100210.0|SEOUL|KOREA (REPUBLIC OF)|51780579
ES|505992.0|MADRID|SPAIN|47351567
LK|65610.0|SRI JAYAWARDENEPURA KOTTE|SRI LANKA|21919000
SD|1886068.0|KHARTOUM|SUDAN|43849269
SS|619745.0|JUBA|SOUTH SUDAN|11193729
SR|163820.0|PARAMARIBO|SURINAME|586634
SJ|0.0|LONGYEARBYEN|SVALBARD AND JAN MAYEN|2562
SZ|17364.0|MBABANE|SWAZILAND|1160164
SE|450295.0|STOCKHOLM|SWEDEN|10353442
CH|41284.0|BERN|SWITZERLAND|8636896
SY|185180.0|DAMASCUS|SYRIAN ARAB REPUBLIC|17500657
TW|36193.0|TAIPEI|TAIWAN|23503349
TJ|143100.0|DUSHANBE|TAJIKISTAN|9537642
TZ|945087.0|DODOMA|TANZANIA, UNITED REPUBLIC OF|59734213
TH|513120.0|BANGKOK|THAILAND|69799978
TL|14874.0|DILI|TIMOR-LESTE|1318442
TG|56785.0|LOMÉ|TOGO|8278737
TK|12.0|FAKAOFO|TOKELAU|1411
TO|747.0|NUKU'ALOFA|TONGA|105697
TT|5130.0|PORT OF SPAIN|TRINIDAD AND TOBAGO|1399491
TN|163610.0|TUNIS|TUNISIA|11818618
TR|783562.0|ANKARA|TURKEY|84339067
TM|488100.0|ASHGABAT|TURKMENISTAN|6031187
TC|948.0|COCKBURN TOWN|TURKS AND CAICOS ISLANDS|38718
TV|26.0|FUNAFUTI|TUVALU|11792
UG|241550.0|KAMPALA|UGANDA|45741000
UA|603700.0|KYIV|UKRAINE|44134693
AE|83600.0|ABU DHABI|UNITED ARAB EMIRATES|9890400
GB|242900.0|LONDON|UNITED KINGDOM OF GREAT BRITAIN AND NORTHERN IRELAND|67215293
US|9629091.0|WASHINGTON, D.C.|UNITED STATES OF AMERICA|329484123
UY|181034.0|MONTEVIDEO|URUGUAY|3473727
UZ|447400.0|TASHKENT|UZBEKISTAN|34232050
VU|12189.0|PORT VILA|VANUATU|307150
VE|916445.0|CARACAS|VENEZUELA (BOLIVARIAN REPUBLIC OF)|28435943
VN|331212.0|HANOI|VIETNAM|97338583
WF|142.0|MATA-UTU|WALLIS AND FUTUNA|11750
EH|266000.0|EL AAIÚN|WESTERN SAHARA|510713
YE|527968.0|SANA'A|YEMEN|29825968
ZM|752618.0|LUSAKA|ZAMBIA|18383956
ZW|390757.0|HARARE|ZIMBABWE|14862927
