<?xml version="1.0" encoding="UTF-8"?>
<beans xmlns="http://www.springframework.org/schema/beans"
       xmlns:xsi="http://www.w3.org/2001/XMLSchema-instance"
       xmlns:batch="http://www.springframework.org/schema/batch"
       xsi:schemaLocation="http://www.springframework.org/schema/beans
       http://www.springframework.org/schema/beans/spring-beans.xsd
       http://www.springframework.org/schema/batch
       http://www.springframework.org/schema/batch/spring-batch.xsd">


    <bean id="itemReader" class="org.springframework.batch.item.file.FlatFileItemReader">
        <property name="resource" value="classpath:pays-input.csv"/>
        <property name="lineMapper">
            <bean class="org.springframework.batch.item.file.mapping.DefaultLineMapper">
                <property name="fieldSetMapper">
                    <bean class="org.springframework.batch.item.file.mapping.BeanWrapperFieldSetMapper">
                        <property name="targetType" value="fr.formation.bo.Pays"/>
                    </bean>
                </property>
                <property name="lineTokenizer">
                    <bean class="org.springframework.batch.item.file.transform.DelimitedLineTokenizer">
                        <property name="delimiter" value=";"/>
                        <property name="names" value="alpha2Code,area,capital,name,population" />
                    </bean>
                </property>
            </bean>
        </property>
    </bean>

    <bean id="itemProcessor" class="fr.formation.processor.UppercaseProcessor" />

    <bean id="headerCallback" class="fr.formation.config.PaysHeaderCallback"/>

    <bean id="itemWriter"
          class=" org.springframework.batch.item.file.FlatFileItemWriter">
        <property name="resource" value="file:pays-output.csv"/>
        <property name="headerCallback" ref="headerCallback"/>
        <property name="lineAggregator">
            <bean class="org.springframework.batch.item.file.transform.DelimitedLineAggregator">
                <property name="fieldExtractor">
                    <bean class="org.springframework.batch.item.file.transform.BeanWrapperFieldExtractor">
                        <property name="names" value="alpha2Code,area,capital,name,population"/>
                    </bean>
                </property>
                <property name="delimiter" value="|"/>
            </bean>
        </property>
    </bean>

    <batch:job id="job">
        <batch:step id="stepPays">
            <batch:tasklet>
                <batch:chunk reader="itemReader" writer="itemWriter" processor="itemProcessor" commit-interval="10"/>
            </batch:tasklet>
        </batch:step>
    </batch:job>

    <bean id="transactionManager"
          class="org.springframework.batch.support.transaction.ResourcelessTransactionManager"/>

    <bean id = "dataSource"
          class = "org.apache.commons.dbcp2.BasicDataSource">
        <property name = "driverClassName" value = "org.h2.Driver" />
        <property name = "url" value = "jdbc:h2:~/batch1" />
        <property name = "username" value = "sa" />
        <property name = "password" value = "" />
    </bean>

    <bean id="jobRepository"
          class="org.springframework.batch.core.repository.support.JobRepositoryFactoryBean">
        <property name="transactionManager" ref="transactionManager"/>
        <property name = "dataSource" ref = "dataSource" />
        <property name = "databaseType" value = "H2" />
    </bean>

    <bean id="jobLauncher"
          class="org.springframework.batch.core.launch.support.SimpleJobLauncher">
        <property name="jobRepository" ref="jobRepository"/>
    </bean>


</beans>
