<?xml version="1.0" encoding="UTF-8"?>

<beans xmlns="http://www.springframework.org/schema/beans"
    xmlns:xsi="http://www.w3.org/2001/XMLSchema-instance"   
    xmlns:context="http://www.springframework.org/schema/context"
    xmlns:tx="http://www.springframework.org/schema/tx"
    xmlns:jpa="http://www.springframework.org/schema/data/jpa"
    
    xsi:schemaLocation="http://www.springframework.org/schema/beans
    http://www.springframework.org/schema/beans/spring-beans-4.0.xsd
    http://www.springframework.org/schema/context
    http://www.springframework.org/schema/context/spring-context-4.0.xsd
    http://www.springframework.org/schema/tx
    http://www.springframework.org/schema/tx/spring-tx-4.0.xsd
    http://www.springframework.org/schema/data/jpa
    http://www.springframework.org/schema/data/jpa/spring-jpa-1.8.xsd"
    >

	<jpa:repositories base-package="fr.formation.repository"
						entity-manager-factory-ref="emf"/>

	<context:annotation-config />

	<context:component-scan base-package="fr.formation.service " />

	<bean class="org.springframework.beans.factory.config.PropertyPlaceholderConfigurer">
		<property name="location" value="classpath:datasource.properties" />
	</bean>

	<bean id="datasource" class="org.apache.commons.dbcp2.BasicDataSource" destroy-method="close">
		<property name="driverClassName" value="${driver}" />
		<property name="url" value="${url}" />
		<property name="username" value="${login}" />
		<property name="password" value="${password}" />
	</bean>

	<bean id="emf" class="org.springframework.orm.jpa.LocalContainerEntityManagerFactoryBean">
		<property name="packagesToScan">
			<list>
				<value>fr.formation.model</value>
			</list>
		</property>
	
		<property name="dataSource" ref="datasource"/>

		<property name="jpaVendorAdapter">
			<bean class="org.springframework.orm.jpa.vendor.HibernateJpaVendorAdapter">
				<property name="showSql" value="false"/>
				<property name="database" value="H2"/>
			</bean>
		</property>

		<property name="jpaProperties">
			<props>
				<prop key="hibernate.hbm2ddl.auto">create</prop>
			</props>
		</property>
	</bean>

	<bean id="transactionManager" class="org.springframework.orm.jpa.JpaTransactionManager">
		<property name="entityManagerFactory" ref="emf"/>
	</bean>
	
	<tx:annotation-driven transaction-manager="transactionManager"/>

</beans>








