Code,Area,Capital,Name,Population
AF,652230.0,Kabul,Afghanistan,40218234
AX,1580.0,Mariehamn,Åland Islands,28875
AL,28748.0,Tirana,Albania,2837743
DZ,2381741.0,Algiers,Algeria,44700000
AS,199.0,Pago Pago,American Samoa,55197
AD,468.0,Andorra la Vella,Andorra,77265
AO,1246700.0,Luanda,Angola,32866268
AI,91.0,The Valley,Anguilla,13452
AQ,1.4E7,,Antarctica,1000
AG,442.0,Saint John's,Antigua and Barbuda,97928
AR,2780400.0,Buenos Aires,Argentina,45376763
AM,29743.0,Yerevan,Armenia,2963234
AW,180.0,Oranjestad,Aruba,106766
AU,7692024.0,Canberra,Australia,25687041
AT,83871.0,Vienna,Austria,8917205
AZ,86600.0,Baku,Azerbaijan,10110116
BS,13943.0,Nassau,Bahamas,393248
BH,765.0,Manama,Bahrain,1701583
BD,147570.0,Dhaka,Bangladesh,164689383
BB,430.0,Bridgetown,Barbados,287371
BY,207600.0,Minsk,Belarus,9398861
BE,30528.0,Brussels,Belgium,11555997
BZ,22966.0,Belmopan,Belize,397621
BJ,112622.0,Porto-Novo,Benin,12123198
BM,54.0,Hamilton,Bermuda,63903
BT,38394.0,Thimphu,Bhutan,771612
BO,1098581.0,Sucre,Bolivia (Plurinational State of),11673029
BQ,294.0,Kralendijk,Bonaire Sint Eustatius and Saba,17408
BA,51209.0,Sarajevo,Bosnia and Herzegovina,3280815
BW,582000.0,Gaborone,Botswana,2351625
BV,49.0,,Bouvet Island,0
BR,8515767.0,Brasília,Brazil,212559409
IO,60.0,Diego Garcia,British Indian Ocean Territory,3000
UM,0.0,,United States Minor Outlying Islands,300
VG,151.0,Road Town,Virgin Islands (British),30237
VI,346.36,Charlotte Amalie,Virgin Islands (U.S.),106290
BN,5765.0,Bandar Seri Begawan,Brunei Darussalam,437483
BG,110879.0,Sofia,Bulgaria,6927288
BF,272967.0,Ouagadougou,Burkina Faso,20903278
BI,27834.0,Gitega,Burundi,11890781
KH,181035.0,Phnom Penh,Cambodia,16718971
CM,475442.0,Yaoundé,Cameroon,26545864
CA,9984670.0,Ottawa,Canada,38005238
CV,4033.0,Praia,Cabo Verde,555988
KY,264.0,George Town,Cayman Islands,65720
CF,622984.0,Bangui,Central African Republic,4829764
TD,1284000.0,N'Djamena,Chad,16425859
CL,756102.0,Santiago,Chile,19116209
CN,9640011.0,Beijing,China,1402112000
CX,135.0,Flying Fish Cove,Christmas Island,2072
CC,14.0,West Island,Cocos (Keeling) Islands,550
CO,1141748.0,Bogotá,Colombia,50882884
KM,1862.0,Moroni,Comoros,869595
CG,342000.0,Brazzaville,Congo,5518092
CD,2344858.0,Kinshasa,Congo (Democratic Republic of the),89561404
CK,236.0,Avarua,Cook Islands,18100
CR,51100.0,San José,Costa Rica,5094114
HR,56594.0,Zagreb,Croatia,4047200
CU,109884.0,Havana,Cuba,11326616
CW,444.0,Willemstad,Curaçao,155014
CY,9251.0,Nicosia,Cyprus,1207361
CZ,78865.0,Prague,Czech Republic,10698896
DK,43094.0,Copenhagen,Denmark,5831404
DJ,23200.0,Djibouti,Djibouti,988002
DM,751.0,Roseau,Dominica,71991
DO,48671.0,Santo Domingo,Dominican Republic,10847904
EC,276841.0,Quito,Ecuador,17643060
EG,1002450.0,Cairo,Egypt,102334403
SV,21041.0,San Salvador,El Salvador,6486201
GQ,28051.0,Malabo,Equatorial Guinea,1402985
ER,117600.0,Asmara,Eritrea,5352000
EE,45227.0,Tallinn,Estonia,1331057
ET,1104300.0,Addis Ababa,Ethiopia,114963583
FK,12173.0,Stanley,Falkland Islands (Malvinas),2563
FO,1393.0,Tórshavn,Faroe Islands,48865
FJ,18272.0,Suva,Fiji,896444
FI,338424.0,Helsinki,Finland,5530719
FR,640679.0,Paris,France,67391582
GF,0.0,Cayenne,French Guiana,254541
PF,4167.0,Papeetē,French Polynesia,280904
TF,7747.0,Port-aux-Français,French Southern Territories,140
GA,267668.0,Libreville,Gabon,2225728
GM,11295.0,Banjul,Gambia,2416664
GE,69700.0,Tbilisi,Georgia,3714000
DE,357114.0,Berlin,Germany,83240525
GH,238533.0,Accra,Ghana,31072945
GI,6.0,Gibraltar,Gibraltar,33691
GR,131990.0,Athens,Greece,10715549
GL,2166086.0,Nuuk,Greenland,56367
GD,344.0,St. George's,Grenada,112519
GP,0.0,Basse-Terre,Guadeloupe,400132
GU,549.0,Hagåtña,Guam,168783
GT,108889.0,Guatemala City,Guatemala,16858333
GG,78.0,St. Peter Port,Guernsey,62999
GN,245857.0,Conakry,Guinea,13132792
GW,36125.0,Bissau,Guinea-Bissau,1967998
GY,214969.0,Georgetown,Guyana,786559
HT,27750.0,Port-au-Prince,Haiti,11402533
HM,412.0,,Heard Island and McDonald Islands,0
VA,0.44,Vatican City,Vatican City,451
HN,112492.0,Tegucigalpa,Honduras,9904608
HU,93028.0,Budapest,Hungary,9749763
HK,1104.0,City of Victoria,Hong Kong,7481800
IS,103000.0,Reykjavík,Iceland,366425
IN,3287590.0,New Delhi,India,1380004385
ID,1904569.0,Jakarta,Indonesia,273523621
CI,322463.0,Yamoussoukro,Ivory Coast,26378275
IR,1648195.0,Tehran,Iran (Islamic Republic of),83992953
IQ,438317.0,Baghdad,Iraq,40222503
IE,70273.0,Dublin,Ireland,4994724
IM,572.0,Douglas,Isle of Man,85032
IL,20770.0,Jerusalem,Israel,9216900
IT,301336.0,Rome,Italy,59554023
JM,10991.0,Kingston,Jamaica,2961161
JP,377930.0,Tokyo,Japan,125836021
JE,116.0,Saint Helier,Jersey,100800
JO,89342.0,Amman,Jordan,10203140
KZ,2724900.0,Nur-Sultan,Kazakhstan,18754440
KE,580367.0,Nairobi,Kenya,53771300
KI,811.0,South Tarawa,Kiribati,119446
KW,17818.0,Kuwait City,Kuwait,4270563
KG,199951.0,Bishkek,Kyrgyzstan,6591600
LA,236800.0,Vientiane,Lao People's Democratic Republic,7275556
LV,64559.0,Riga,Latvia,1901548
LB,10452.0,Beirut,Lebanon,6825442
LS,30355.0,Maseru,Lesotho,2142252
LR,111369.0,Monrovia,Liberia,5057677
LY,1759540.0,Tripoli,Libya,6871287
LI,160.0,Vaduz,Liechtenstein,38137
LT,65300.0,Vilnius,Lithuania,2794700
LU,2586.0,Luxembourg,Luxembourg,632275
MO,30.0,,Macao,649342
MK,25713.0,Skopje,North Macedonia,2083380
MG,587041.0,Antananarivo,Madagascar,27691019
MW,118484.0,Lilongwe,Malawi,19129955
MY,330803.0,Kuala Lumpur,Malaysia,32365998
MV,300.0,Malé,Maldives,540542
ML,1240192.0,Bamako,Mali,20250834
MT,316.0,Valletta,Malta,525285
MH,181.0,Majuro,Marshall Islands,59194
MQ,0.0,Fort-de-France,Martinique,378243
MR,1030700.0,Nouakchott,Mauritania,4649660
MU,2040.0,Port Louis,Mauritius,1265740
YT,0.0,Mamoudzou,Mayotte,226915
MX,1964375.0,Mexico City,Mexico,128932753
FM,702.0,Palikir,Micronesia (Federated States of),115021
MD,33846.0,Chișinău,Moldova (Republic of),2617820
MC,2.02,Monaco,Monaco,39244
MN,1564110.0,Ulan Bator,Mongolia,3278292
ME,13812.0,Podgorica,Montenegro,621718
MS,102.0,Plymouth,Montserrat,4922
MA,446550.0,Rabat,Morocco,36910558
MZ,801590.0,Maputo,Mozambique,31255435
MM,676578.0,Naypyidaw,Myanmar,54409794
NA,825615.0,Windhoek,Namibia,2540916
NR,21.0,Yaren,Nauru,10834
NP,147181.0,Kathmandu,Nepal,29136808
NL,41850.0,Amsterdam,Netherlands,17441139
NC,18575.0,Nouméa,New Caledonia,271960
NZ,270467.0,Wellington,New Zealand,5084300
NI,130373.0,Managua,Nicaragua,6624554
NE,1267000.0,Niamey,Niger,24206636
NG,923768.0,Abuja,Nigeria,206139587
NU,260.0,Alofi,Niue,1470
NF,36.0,Kingston,Norfolk Island,2302
KP,120538.0,Pyongyang,Korea (Democratic People's Republic of),25778815
MP,464.0,Saipan,Northern Mariana Islands,57557
NO,323802.0,Oslo,Norway,5379475
OM,309500.0,Muscat,Oman,5106622
PK,881912.0,Islamabad,Pakistan,220892331
PW,459.0,Ngerulmud,Palau,18092
PS,0.0,Ramallah,Palestine State of,4803269
PA,75417.0,Panama City,Panama,4314768
PG,462840.0,Port Moresby,Papua New Guinea,8947027
PY,406752.0,Asunción,Paraguay,7132530
PE,1285216.0,Lima,Peru,32971846
PH,342353.0,Manila,Philippines,109581085
PN,47.0,Adamstown,Pitcairn,56
PL,312679.0,Warsaw,Poland,37950802
PT,92090.0,Lisbon,Portugal,10305564
PR,8870.0,San Juan,Puerto Rico,3194034
QA,11586.0,Doha,Qatar,2881060
XK,10908.0,Pristina,Republic of Kosovo,1775378
RE,0.0,Saint-Denis,Réunion,840974
RO,238391.0,Bucharest,Romania,19286123
RU,1.7124442E7,Moscow,Russian Federation,144104080
RW,26338.0,Kigali,Rwanda,12952209
BL,21.0,Gustavia,Saint Barthélemy,9417
SH,0.0,Jamestown,Saint Helena Ascension and Tristan da Cunha,4255
KN,261.0,Basseterre,Saint Kitts and Nevis,53192
LC,616.0,Castries,Saint Lucia,183629
MF,53.0,Marigot,Saint Martin (French part),38659
PM,242.0,Saint-Pierre,Saint Pierre and Miquelon,6069
VC,389.0,Kingstown,Saint Vincent and the Grenadines,110947
WS,2842.0,Apia,Samoa,198410
SM,61.0,City of San Marino,San Marino,33938
ST,964.0,São Tomé,Sao Tome and Principe,219161
SA,2149690.0,Riyadh,Saudi Arabia,34813867
SN,196722.0,Dakar,Senegal,16743930
RS,88361.0,Belgrade,Serbia,6908224
SC,452.0,Victoria,Seychelles,98462
SL,71740.0,Freetown,Sierra Leone,7976985
SG,710.0,Singapore,Singapore,5685807
SX,34.0,Philipsburg,Sint Maarten (Dutch part),40812
SK,49037.0,Bratislava,Slovakia,5458827
SI,20273.0,Ljubljana,Slovenia,2100126
SB,28896.0,Honiara,Solomon Islands,686878
SO,637657.0,Mogadishu,Somalia,15893219
ZA,1221037.0,Pretoria,South Africa,59308690
GS,0.0,King Edward Point,South Georgia and the South Sandwich Islands,30
KR,100210.0,Seoul,Korea (Republic of),51780579
ES,505992.0,Madrid,Spain,47351567
LK,65610.0,Sri Jayawardenepura Kotte,Sri Lanka,21919000
SD,1886068.0,Khartoum,Sudan,43849269
SS,619745.0,Juba,South Sudan,11193729
SR,163820.0,Paramaribo,Suriname,586634
SJ,0.0,Longyearbyen,Svalbard and Jan Mayen,2562
SZ,17364.0,Mbabane,Swaziland,1160164
SE,450295.0,Stockholm,Sweden,10353442
CH,41284.0,Bern,Switzerland,8636896
SY,185180.0,Damascus,Syrian Arab Republic,17500657
TW,36193.0,Taipei,Taiwan,23503349
TJ,143100.0,Dushanbe,Tajikistan,9537642
TZ,945087.0,Dodoma,Tanzania United Republic of,59734213
TH,513120.0,Bangkok,Thailand,69799978
TL,14874.0,Dili,Timor-Leste,1318442
TG,56785.0,Lomé,Togo,8278737
TK,12.0,Fakaofo,Tokelau,1411
TO,747.0,Nuku'alofa,Tonga,105697
TT,5130.0,Port of Spain,Trinidad and Tobago,1399491
TN,163610.0,Tunis,Tunisia,11818618
TR,783562.0,Ankara,Turkey,84339067
TM,488100.0,Ashgabat,Turkmenistan,6031187
TC,948.0,Cockburn Town,Turks and Caicos Islands,38718
TV,26.0,Funafuti,Tuvalu,11792
UG,241550.0,Kampala,Uganda,45741000
UA,603700.0,Kyiv,Ukraine,44134693
AE,83600.0,Abu Dhabi,United Arab Emirates,9890400
GB,242900.0,London,United Kingdom of Great Britain and Northern Ireland,67215293
US,9629091.0,Washington D.C.,United States of America,329484123
UY,181034.0,Montevideo,Uruguay,3473727
UZ,447400.0,Tashkent,Uzbekistan,34232050
VU,12189.0,Port Vila,Vanuatu,307150
VE,916445.0,Caracas,Venezuela (Bolivarian Republic of),28435943
VN,331212.0,Hanoi,Vietnam,97338583
WF,142.0,Mata-Utu,Wallis and Futuna,11750
EH,266000.0,El Aaiún,Western Sahara,510713
YE,527968.0,Sana'a,Yemen,29825968
ZM,752618.0,Lusaka,Zambia,18383956
ZW,390757.0,Harare,Zimbabwe,14862927
