<?xml version="1.0" encoding="UTF-8"?>
<liste>
    <pays>
        <alpha2Code>AF</alpha2Code>
        <area>652230.0</area>
        <capital>Kabul</capital>
        <name>Afghanistan</name>
        <population>40218234</population>
    </pays>
    <pays>
        <alpha2Code>AX</alpha2Code>
        <area>1580.0</area>
        <capital>Mariehamn</capital>
        <name>Åland Islands</name>
        <population>28875</population>
    </pays>
    ...

    <pays>
        <alpha2Code>AL</alpha2Code>
        <area>28748.0</area>
        <capital>Tirana</capital>
        <name>Albania</name>
        <population>2837743</population>
    </pays>
    <pays>
        <alpha2Code>DZ</alpha2Code>
        <area>2381741.0</area>
        <capital>Algiers</capital>
        <name>Algeria</name>
        <population>44700000</population>
    </pays>
    <pays>
        <alpha2Code>AS</alpha2Code>
        <area>199.0</area>
        <capital>Pago Pago</capital>
        <name>American Samoa</name>
        <population>55197</population>
    </pays>
    <pays>
        <alpha2Code>AD</alpha2Code>
        <area>468.0</area>
        <capital>Andorra la Vella</capital>
        <name>Andorra</name>
        <population>77265</population>
    </pays>
    <pays>
        <alpha2Code>AO</alpha2Code>
        <area>1246700.0</area>
        <capital>Luanda</capital>
        <name>Angola</name>
        <population>32866268</population>
    </pays>
    <pays>
        <alpha2Code>AI</alpha2Code>
        <area>91.0</area>
        <capital>The Valley</capital>
        <name>Anguilla</name>
        <population>13452</population>
    </pays>
    <pays>
        <alpha2Code>AQ</alpha2Code>
        <area>1.4E7</area>
        <name>Antarctica</name>
        <population>1000</population>
    </pays>
    <pays>
        <alpha2Code>AG</alpha2Code>
        <area>442.0</area>
        <capital>Saint John's</capital>
        <name>Antigua and Barbuda</name>
        <population>97928</population>
    </pays>
    <pays>
        <alpha2Code>AR</alpha2Code>
        <area>2780400.0</area>
        <capital>Buenos Aires</capital>
        <name>Argentina</name>
        <population>45376763</population>
    </pays>
    <pays>
        <alpha2Code>AM</alpha2Code>
        <area>29743.0</area>
        <capital>Yerevan</capital>
        <name>Armenia</name>
        <population>2963234</population>
    </pays>
    <pays>
        <alpha2Code>AW</alpha2Code>
        <area>180.0</area>
        <capital>Oranjestad</capital>
        <name>Aruba</name>
        <population>106766</population>
    </pays>
    <pays>
        <alpha2Code>AU</alpha2Code>
        <area>7692024.0</area>
        <capital>Canberra</capital>
        <name>Australia</name>
        <population>25687041</population>
    </pays>
    <pays>
        <alpha2Code>AT</alpha2Code>
        <area>83871.0</area>
        <capital>Vienna</capital>
        <name>Austria</name>
        <population>8917205</population>
    </pays>
    <pays>
        <alpha2Code>AZ</alpha2Code>
        <area>86600.0</area>
        <capital>Baku</capital>
        <name>Azerbaijan</name>
        <population>10110116</population>
    </pays>
    <pays>
        <alpha2Code>BS</alpha2Code>
        <area>13943.0</area>
        <capital>Nassau</capital>
        <name>Bahamas</name>
        <population>393248</population>
    </pays>
    <pays>
        <alpha2Code>BH</alpha2Code>
        <area>765.0</area>
        <capital>Manama</capital>
        <name>Bahrain</name>
        <population>1701583</population>
    </pays>
    <pays>
        <alpha2Code>BD</alpha2Code>
        <area>147570.0</area>
        <capital>Dhaka</capital>
        <name>Bangladesh</name>
        <population>164689383</population>
    </pays>
    <pays>
        <alpha2Code>BB</alpha2Code>
        <area>430.0</area>
        <capital>Bridgetown</capital>
        <name>Barbados</name>
        <population>287371</population>
    </pays>
    <pays>
        <alpha2Code>BY</alpha2Code>
        <area>207600.0</area>
        <capital>Minsk</capital>
        <name>Belarus</name>
        <population>9398861</population>
    </pays>
    <pays>
        <alpha2Code>BE</alpha2Code>
        <area>30528.0</area>
        <capital>Brussels</capital>
        <name>Belgium</name>
        <population>11555997</population>
    </pays>
    <pays>
        <alpha2Code>BZ</alpha2Code>
        <area>22966.0</area>
        <capital>Belmopan</capital>
        <name>Belize</name>
        <population>397621</population>
    </pays>
    <pays>
        <alpha2Code>BJ</alpha2Code>
        <area>112622.0</area>
        <capital>Porto-Novo</capital>
        <name>Benin</name>
        <population>12123198</population>
    </pays>
    <pays>
        <alpha2Code>BM</alpha2Code>
        <area>54.0</area>
        <capital>Hamilton</capital>
        <name>Bermuda</name>
        <population>63903</population>
    </pays>
    <pays>
        <alpha2Code>BT</alpha2Code>
        <area>38394.0</area>
        <capital>Thimphu</capital>
        <name>Bhutan</name>
        <population>771612</population>
    </pays>
    <pays>
        <alpha2Code>BO</alpha2Code>
        <area>1098581.0</area>
        <capital>Sucre</capital>
        <name>Bolivia (Plurinational State of)</name>
        <population>11673029</population>
    </pays>
    <pays>
        <alpha2Code>BQ</alpha2Code>
        <area>294.0</area>
        <capital>Kralendijk</capital>
        <name>Bonaire, Sint Eustatius and Saba</name>
        <population>17408</population>
    </pays>
    <pays>
        <alpha2Code>BA</alpha2Code>
        <area>51209.0</area>
        <capital>Sarajevo</capital>
        <name>Bosnia and Herzegovina</name>
        <population>3280815</population>
    </pays>
    <pays>
        <alpha2Code>BW</alpha2Code>
        <area>582000.0</area>
        <capital>Gaborone</capital>
        <name>Botswana</name>
        <population>2351625</population>
    </pays>
    <pays>
        <alpha2Code>BV</alpha2Code>
        <area>49.0</area>
        <name>Bouvet Island</name>
        <population>0</population>
    </pays>
    <pays>
        <alpha2Code>BR</alpha2Code>
        <area>8515767.0</area>
        <capital>Brasília</capital>
        <name>Brazil</name>
        <population>212559409</population>
    </pays>
    <pays>
        <alpha2Code>IO</alpha2Code>
        <area>60.0</area>
        <capital>Diego Garcia</capital>
        <name>British Indian Ocean Territory</name>
        <population>3000</population>
    </pays>
    <pays>
        <alpha2Code>UM</alpha2Code>
        <area>0.0</area>
        <name>United States Minor Outlying Islands</name>
        <population>300</population>
    </pays>
    <pays>
        <alpha2Code>VG</alpha2Code>
        <area>151.0</area>
        <capital>Road Town</capital>
        <name>Virgin Islands (British)</name>
        <population>30237</population>
    </pays>
    <pays>
        <alpha2Code>VI</alpha2Code>
        <area>346.36</area>
        <capital>Charlotte Amalie</capital>
        <name>Virgin Islands (U.S.)</name>
        <population>106290</population>
    </pays>
    <pays>
        <alpha2Code>BN</alpha2Code>
        <area>5765.0</area>
        <capital>Bandar Seri Begawan</capital>
        <name>Brunei Darussalam</name>
        <population>437483</population>
    </pays>
    <pays>
        <alpha2Code>BG</alpha2Code>
        <area>110879.0</area>
        <capital>Sofia</capital>
        <name>Bulgaria</name>
        <population>6927288</population>
    </pays>
    <pays>
        <alpha2Code>BF</alpha2Code>
        <area>272967.0</area>
        <capital>Ouagadougou</capital>
        <name>Burkina Faso</name>
        <population>20903278</population>
    </pays>
    <pays>
        <alpha2Code>BI</alpha2Code>
        <area>27834.0</area>
        <capital>Gitega</capital>
        <name>Burundi</name>
        <population>11890781</population>
    </pays>
    <pays>
        <alpha2Code>KH</alpha2Code>
        <area>181035.0</area>
        <capital>Phnom Penh</capital>
        <name>Cambodia</name>
        <population>16718971</population>
    </pays>
    <pays>
        <alpha2Code>CM</alpha2Code>
        <area>475442.0</area>
        <capital>Yaoundé</capital>
        <name>Cameroon</name>
        <population>26545864</population>
    </pays>
    <pays>
        <alpha2Code>CA</alpha2Code>
        <area>9984670.0</area>
        <capital>Ottawa</capital>
        <name>Canada</name>
        <population>38005238</population>
    </pays>
    <pays>
        <alpha2Code>CV</alpha2Code>
        <area>4033.0</area>
        <capital>Praia</capital>
        <name>Cabo Verde</name>
        <population>555988</population>
    </pays>
    <pays>
        <alpha2Code>KY</alpha2Code>
        <area>264.0</area>
        <capital>George Town</capital>
        <name>Cayman Islands</name>
        <population>65720</population>
    </pays>
    <pays>
        <alpha2Code>CF</alpha2Code>
        <area>622984.0</area>
        <capital>Bangui</capital>
        <name>Central African Republic</name>
        <population>4829764</population>
    </pays>
    <pays>
        <alpha2Code>TD</alpha2Code>
        <area>1284000.0</area>
        <capital>N'Djamena</capital>
        <name>Chad</name>
        <population>16425859</population>
    </pays>
    <pays>
        <alpha2Code>CL</alpha2Code>
        <area>756102.0</area>
        <capital>Santiago</capital>
        <name>Chile</name>
        <population>19116209</population>
    </pays>
    <pays>
        <alpha2Code>CN</alpha2Code>
        <area>9640011.0</area>
        <capital>Beijing</capital>
        <name>China</name>
        <population>1402112000</population>
    </pays>
    <pays>
        <alpha2Code>CX</alpha2Code>
        <area>135.0</area>
        <capital>Flying Fish Cove</capital>
        <name>Christmas Island</name>
        <population>2072</population>
    </pays>
    <pays>
        <alpha2Code>CC</alpha2Code>
        <area>14.0</area>
        <capital>West Island</capital>
        <name>Cocos (Keeling) Islands</name>
        <population>550</population>
    </pays>
    <pays>
        <alpha2Code>CO</alpha2Code>
        <area>1141748.0</area>
        <capital>Bogotá</capital>
        <name>Colombia</name>
        <population>50882884</population>
    </pays>
    <pays>
        <alpha2Code>KM</alpha2Code>
        <area>1862.0</area>
        <capital>Moroni</capital>
        <name>Comoros</name>
        <population>869595</population>
    </pays>
    <pays>
        <alpha2Code>CG</alpha2Code>
        <area>342000.0</area>
        <capital>Brazzaville</capital>
        <name>Congo</name>
        <population>5518092</population>
    </pays>
    <pays>
        <alpha2Code>CD</alpha2Code>
        <area>2344858.0</area>
        <capital>Kinshasa</capital>
        <name>Congo (Democratic Republic of the)</name>
        <population>89561404</population>
    </pays>
    <pays>
        <alpha2Code>CK</alpha2Code>
        <area>236.0</area>
        <capital>Avarua</capital>
        <name>Cook Islands</name>
        <population>18100</population>
    </pays>
    <pays>
        <alpha2Code>CR</alpha2Code>
        <area>51100.0</area>
        <capital>San José</capital>
        <name>Costa Rica</name>
        <population>5094114</population>
    </pays>
    <pays>
        <alpha2Code>HR</alpha2Code>
        <area>56594.0</area>
        <capital>Zagreb</capital>
        <name>Croatia</name>
        <population>4047200</population>
    </pays>
    <pays>
        <alpha2Code>CU</alpha2Code>
        <area>109884.0</area>
        <capital>Havana</capital>
        <name>Cuba</name>
        <population>11326616</population>
    </pays>
    <pays>
        <alpha2Code>CW</alpha2Code>
        <area>444.0</area>
        <capital>Willemstad</capital>
        <name>Curaçao</name>
        <population>155014</population>
    </pays>
    <pays>
        <alpha2Code>CY</alpha2Code>
        <area>9251.0</area>
        <capital>Nicosia</capital>
        <name>Cyprus</name>
        <population>1207361</population>
    </pays>
    <pays>
        <alpha2Code>CZ</alpha2Code>
        <area>78865.0</area>
        <capital>Prague</capital>
        <name>Czech Republic</name>
        <population>10698896</population>
    </pays>
    <pays>
        <alpha2Code>DK</alpha2Code>
        <area>43094.0</area>
        <capital>Copenhagen</capital>
        <name>Denmark</name>
        <population>5831404</population>
    </pays>
    <pays>
        <alpha2Code>DJ</alpha2Code>
        <area>23200.0</area>
        <capital>Djibouti</capital>
        <name>Djibouti</name>
        <population>988002</population>
    </pays>
    <pays>
        <alpha2Code>DM</alpha2Code>
        <area>751.0</area>
        <capital>Roseau</capital>
        <name>Dominica</name>
        <population>71991</population>
    </pays>
    <pays>
        <alpha2Code>DO</alpha2Code>
        <area>48671.0</area>
        <capital>Santo Domingo</capital>
        <name>Dominican Republic</name>
        <population>10847904</population>
    </pays>
    <pays>
        <alpha2Code>EC</alpha2Code>
        <area>276841.0</area>
        <capital>Quito</capital>
        <name>Ecuador</name>
        <population>17643060</population>
    </pays>
    <pays>
        <alpha2Code>EG</alpha2Code>
        <area>1002450.0</area>
        <capital>Cairo</capital>
        <name>Egypt</name>
        <population>102334403</population>
    </pays>
    <pays>
        <alpha2Code>SV</alpha2Code>
        <area>21041.0</area>
        <capital>San Salvador</capital>
        <name>El Salvador</name>
        <population>6486201</population>
    </pays>
    <pays>
        <alpha2Code>GQ</alpha2Code>
        <area>28051.0</area>
        <capital>Malabo</capital>
        <name>Equatorial Guinea</name>
        <population>1402985</population>
    </pays>
    <pays>
        <alpha2Code>ER</alpha2Code>
        <area>117600.0</area>
        <capital>Asmara</capital>
        <name>Eritrea</name>
        <population>5352000</population>
    </pays>
    <pays>
        <alpha2Code>EE</alpha2Code>
        <area>45227.0</area>
        <capital>Tallinn</capital>
        <name>Estonia</name>
        <population>1331057</population>
    </pays>
    <pays>
        <alpha2Code>ET</alpha2Code>
        <area>1104300.0</area>
        <capital>Addis Ababa</capital>
        <name>Ethiopia</name>
        <population>114963583</population>
    </pays>
    <pays>
        <alpha2Code>FK</alpha2Code>
        <area>12173.0</area>
        <capital>Stanley</capital>
        <name>Falkland Islands (Malvinas)</name>
        <population>2563</population>
    </pays>
    <pays>
        <alpha2Code>FO</alpha2Code>
        <area>1393.0</area>
        <capital>Tórshavn</capital>
        <name>Faroe Islands</name>
        <population>48865</population>
    </pays>
    <pays>
        <alpha2Code>FJ</alpha2Code>
        <area>18272.0</area>
        <capital>Suva</capital>
        <name>Fiji</name>
        <population>896444</population>
    </pays>
    <pays>
        <alpha2Code>FI</alpha2Code>
        <area>338424.0</area>
        <capital>Helsinki</capital>
        <name>Finland</name>
        <population>5530719</population>
    </pays>
    <pays>
        <alpha2Code>FR</alpha2Code>
        <area>640679.0</area>
        <capital>Paris</capital>
        <name>France</name>
        <population>67391582</population>
    </pays>
    <pays>
        <alpha2Code>GF</alpha2Code>
        <area>0.0</area>
        <capital>Cayenne</capital>
        <name>French Guiana</name>
        <population>254541</population>
    </pays>
    <pays>
        <alpha2Code>PF</alpha2Code>
        <area>4167.0</area>
        <capital>Papeetē</capital>
        <name>French Polynesia</name>
        <population>280904</population>
    </pays>
    <pays>
        <alpha2Code>TF</alpha2Code>
        <area>7747.0</area>
        <capital>Port-aux-Français</capital>
        <name>French Southern Territories</name>
        <population>140</population>
    </pays>
    <pays>
        <alpha2Code>GA</alpha2Code>
        <area>267668.0</area>
        <capital>Libreville</capital>
        <name>Gabon</name>
        <population>2225728</population>
    </pays>
    <pays>
        <alpha2Code>GM</alpha2Code>
        <area>11295.0</area>
        <capital>Banjul</capital>
        <name>Gambia</name>
        <population>2416664</population>
    </pays>
    <pays>
        <alpha2Code>GE</alpha2Code>
        <area>69700.0</area>
        <capital>Tbilisi</capital>
        <name>Georgia</name>
        <population>3714000</population>
    </pays>
    <pays>
        <alpha2Code>DE</alpha2Code>
        <area>357114.0</area>
        <capital>Berlin</capital>
        <name>Germany</name>
        <population>83240525</population>
    </pays>
    <pays>
        <alpha2Code>GH</alpha2Code>
        <area>238533.0</area>
        <capital>Accra</capital>
        <name>Ghana</name>
        <population>31072945</population>
    </pays>
    <pays>
        <alpha2Code>GI</alpha2Code>
        <area>6.0</area>
        <capital>Gibraltar</capital>
        <name>Gibraltar</name>
        <population>33691</population>
    </pays>
    <pays>
        <alpha2Code>GR</alpha2Code>
        <area>131990.0</area>
        <capital>Athens</capital>
        <name>Greece</name>
        <population>10715549</population>
    </pays>
    <pays>
        <alpha2Code>GL</alpha2Code>
        <area>2166086.0</area>
        <capital>Nuuk</capital>
        <name>Greenland</name>
        <population>56367</population>
    </pays>
    <pays>
        <alpha2Code>GD</alpha2Code>
        <area>344.0</area>
        <capital>St. George's</capital>
        <name>Grenada</name>
        <population>112519</population>
    </pays>
    <pays>
        <alpha2Code>GP</alpha2Code>
        <area>0.0</area>
        <capital>Basse-Terre</capital>
        <name>Guadeloupe</name>
        <population>400132</population>
    </pays>
    <pays>
        <alpha2Code>GU</alpha2Code>
        <area>549.0</area>
        <capital>Hagåtña</capital>
        <name>Guam</name>
        <population>168783</population>
    </pays>
    <pays>
        <alpha2Code>GT</alpha2Code>
        <area>108889.0</area>
        <capital>Guatemala City</capital>
        <name>Guatemala</name>
        <population>16858333</population>
    </pays>
    <pays>
        <alpha2Code>GG</alpha2Code>
        <area>78.0</area>
        <capital>St. Peter Port</capital>
        <name>Guernsey</name>
        <population>62999</population>
    </pays>
    <pays>
        <alpha2Code>GN</alpha2Code>
        <area>245857.0</area>
        <capital>Conakry</capital>
        <name>Guinea</name>
        <population>13132792</population>
    </pays>
    <pays>
        <alpha2Code>GW</alpha2Code>
        <area>36125.0</area>
        <capital>Bissau</capital>
        <name>Guinea-Bissau</name>
        <population>1967998</population>
    </pays>
    <pays>
        <alpha2Code>GY</alpha2Code>
        <area>214969.0</area>
        <capital>Georgetown</capital>
        <name>Guyana</name>
        <population>786559</population>
    </pays>
    <pays>
        <alpha2Code>HT</alpha2Code>
        <area>27750.0</area>
        <capital>Port-au-Prince</capital>
        <name>Haiti</name>
        <population>11402533</population>
    </pays>
    <pays>
        <alpha2Code>HM</alpha2Code>
        <area>412.0</area>
        <name>Heard Island and McDonald Islands</name>
        <population>0</population>
    </pays>
    <pays>
        <alpha2Code>VA</alpha2Code>
        <area>0.44</area>
        <capital>Vatican City</capital>
        <name>Vatican City</name>
        <population>451</population>
    </pays>
    <pays>
        <alpha2Code>HN</alpha2Code>
        <area>112492.0</area>
        <capital>Tegucigalpa</capital>
        <name>Honduras</name>
        <population>9904608</population>
    </pays>
    <pays>
        <alpha2Code>HU</alpha2Code>
        <area>93028.0</area>
        <capital>Budapest</capital>
        <name>Hungary</name>
        <population>9749763</population>
    </pays>
    <pays>
        <alpha2Code>HK</alpha2Code>
        <area>1104.0</area>
        <capital>City of Victoria</capital>
        <name>Hong Kong</name>
        <population>7481800</population>
    </pays>
    <pays>
        <alpha2Code>IS</alpha2Code>
        <area>103000.0</area>
        <capital>Reykjavík</capital>
        <name>Iceland</name>
        <population>366425</population>
    </pays>
    <pays>
        <alpha2Code>IN</alpha2Code>
        <area>3287590.0</area>
        <capital>New Delhi</capital>
        <name>India</name>
        <population>1380004385</population>
    </pays>
    <pays>
        <alpha2Code>ID</alpha2Code>
        <area>1904569.0</area>
        <capital>Jakarta</capital>
        <name>Indonesia</name>
        <population>273523621</population>
    </pays>
    <pays>
        <alpha2Code>CI</alpha2Code>
        <area>322463.0</area>
        <capital>Yamoussoukro</capital>
        <name>Ivory Coast</name>
        <population>26378275</population>
    </pays>
    <pays>
        <alpha2Code>IR</alpha2Code>
        <area>1648195.0</area>
        <capital>Tehran</capital>
        <name>Iran (Islamic Republic of)</name>
        <population>83992953</population>
    </pays>
    <pays>
        <alpha2Code>IQ</alpha2Code>
        <area>438317.0</area>
        <capital>Baghdad</capital>
        <name>Iraq</name>
        <population>40222503</population>
    </pays>
    <pays>
        <alpha2Code>IE</alpha2Code>
        <area>70273.0</area>
        <capital>Dublin</capital>
        <name>Ireland</name>
        <population>4994724</population>
    </pays>
    <pays>
        <alpha2Code>IM</alpha2Code>
        <area>572.0</area>
        <capital>Douglas</capital>
        <name>Isle of Man</name>
        <population>85032</population>
    </pays>
    <pays>
        <alpha2Code>IL</alpha2Code>
        <area>20770.0</area>
        <capital>Jerusalem</capital>
        <name>Israel</name>
        <population>9216900</population>
    </pays>
    <pays>
        <alpha2Code>IT</alpha2Code>
        <area>301336.0</area>
        <capital>Rome</capital>
        <name>Italy</name>
        <population>59554023</population>
    </pays>
    <pays>
        <alpha2Code>JM</alpha2Code>
        <area>10991.0</area>
        <capital>Kingston</capital>
        <name>Jamaica</name>
        <population>2961161</population>
    </pays>
    <pays>
        <alpha2Code>JP</alpha2Code>
        <area>377930.0</area>
        <capital>Tokyo</capital>
        <name>Japan</name>
        <population>125836021</population>
    </pays>
    <pays>
        <alpha2Code>JE</alpha2Code>
        <area>116.0</area>
        <capital>Saint Helier</capital>
        <name>Jersey</name>
        <population>100800</population>
    </pays>
    <pays>
        <alpha2Code>JO</alpha2Code>
        <area>89342.0</area>
        <capital>Amman</capital>
        <name>Jordan</name>
        <population>10203140</population>
    </pays>
    <pays>
        <alpha2Code>KZ</alpha2Code>
        <area>2724900.0</area>
        <capital>Nur-Sultan</capital>
        <name>Kazakhstan</name>
        <population>18754440</population>
    </pays>
    <pays>
        <alpha2Code>KE</alpha2Code>
        <area>580367.0</area>
        <capital>Nairobi</capital>
        <name>Kenya</name>
        <population>53771300</population>
    </pays>
    <pays>
        <alpha2Code>KI</alpha2Code>
        <area>811.0</area>
        <capital>South Tarawa</capital>
        <name>Kiribati</name>
        <population>119446</population>
    </pays>
    <pays>
        <alpha2Code>KW</alpha2Code>
        <area>17818.0</area>
        <capital>Kuwait City</capital>
        <name>Kuwait</name>
        <population>4270563</population>
    </pays>
    <pays>
        <alpha2Code>KG</alpha2Code>
        <area>199951.0</area>
        <capital>Bishkek</capital>
        <name>Kyrgyzstan</name>
        <population>6591600</population>
    </pays>
    <pays>
        <alpha2Code>LA</alpha2Code>
        <area>236800.0</area>
        <capital>Vientiane</capital>
        <name>Lao People's Democratic Republic</name>
        <population>7275556</population>
    </pays>
    <pays>
        <alpha2Code>LV</alpha2Code>
        <area>64559.0</area>
        <capital>Riga</capital>
        <name>Latvia</name>
        <population>1901548</population>
    </pays>
    <pays>
        <alpha2Code>LB</alpha2Code>
        <area>10452.0</area>
        <capital>Beirut</capital>
        <name>Lebanon</name>
        <population>6825442</population>
    </pays>
    <pays>
        <alpha2Code>LS</alpha2Code>
        <area>30355.0</area>
        <capital>Maseru</capital>
        <name>Lesotho</name>
        <population>2142252</population>
    </pays>
    <pays>
        <alpha2Code>LR</alpha2Code>
        <area>111369.0</area>
        <capital>Monrovia</capital>
        <name>Liberia</name>
        <population>5057677</population>
    </pays>
    <pays>
        <alpha2Code>LY</alpha2Code>
        <area>1759540.0</area>
        <capital>Tripoli</capital>
        <name>Libya</name>
        <population>6871287</population>
    </pays>
    <pays>
        <alpha2Code>LI</alpha2Code>
        <area>160.0</area>
        <capital>Vaduz</capital>
        <name>Liechtenstein</name>
        <population>38137</population>
    </pays>
    <pays>
        <alpha2Code>LT</alpha2Code>
        <area>65300.0</area>
        <capital>Vilnius</capital>
        <name>Lithuania</name>
        <population>2794700</population>
    </pays>
    <pays>
        <alpha2Code>LU</alpha2Code>
        <area>2586.0</area>
        <capital>Luxembourg</capital>
        <name>Luxembourg</name>
        <population>632275</population>
    </pays>
    <pays>
        <alpha2Code>MO</alpha2Code>
        <area>30.0</area>
        <name>Macao</name>
        <population>649342</population>
    </pays>
    <pays>
        <alpha2Code>MK</alpha2Code>
        <area>25713.0</area>
        <capital>Skopje</capital>
        <name>North Macedonia</name>
        <population>2083380</population>
    </pays>
    <pays>
        <alpha2Code>MG</alpha2Code>
        <area>587041.0</area>
        <capital>Antananarivo</capital>
        <name>Madagascar</name>
        <population>27691019</population>
    </pays>
    <pays>
        <alpha2Code>MW</alpha2Code>
        <area>118484.0</area>
        <capital>Lilongwe</capital>
        <name>Malawi</name>
        <population>19129955</population>
    </pays>
    <pays>
        <alpha2Code>MY</alpha2Code>
        <area>330803.0</area>
        <capital>Kuala Lumpur</capital>
        <name>Malaysia</name>
        <population>32365998</population>
    </pays>
    <pays>
        <alpha2Code>MV</alpha2Code>
        <area>300.0</area>
        <capital>Malé</capital>
        <name>Maldives</name>
        <population>540542</population>
    </pays>
    <pays>
        <alpha2Code>ML</alpha2Code>
        <area>1240192.0</area>
        <capital>Bamako</capital>
        <name>Mali</name>
        <population>20250834</population>
    </pays>
    <pays>
        <alpha2Code>MT</alpha2Code>
        <area>316.0</area>
        <capital>Valletta</capital>
        <name>Malta</name>
        <population>525285</population>
    </pays>
    <pays>
        <alpha2Code>MH</alpha2Code>
        <area>181.0</area>
        <capital>Majuro</capital>
        <name>Marshall Islands</name>
        <population>59194</population>
    </pays>
    <pays>
        <alpha2Code>MQ</alpha2Code>
        <area>0.0</area>
        <capital>Fort-de-France</capital>
        <name>Martinique</name>
        <population>378243</population>
    </pays>
    <pays>
        <alpha2Code>MR</alpha2Code>
        <area>1030700.0</area>
        <capital>Nouakchott</capital>
        <name>Mauritania</name>
        <population>4649660</population>
    </pays>
    <pays>
        <alpha2Code>MU</alpha2Code>
        <area>2040.0</area>
        <capital>Port Louis</capital>
        <name>Mauritius</name>
        <population>1265740</population>
    </pays>
    <pays>
        <alpha2Code>YT</alpha2Code>
        <area>0.0</area>
        <capital>Mamoudzou</capital>
        <name>Mayotte</name>
        <population>226915</population>
    </pays>
    <pays>
        <alpha2Code>MX</alpha2Code>
        <area>1964375.0</area>
        <capital>Mexico City</capital>
        <name>Mexico</name>
        <population>128932753</population>
    </pays>
    <pays>
        <alpha2Code>FM</alpha2Code>
        <area>702.0</area>
        <capital>Palikir</capital>
        <name>Micronesia (Federated States of)</name>
        <population>115021</population>
    </pays>
    <pays>
        <alpha2Code>MD</alpha2Code>
        <area>33846.0</area>
        <capital>Chișinău</capital>
        <name>Moldova (Republic of)</name>
        <population>2617820</population>
    </pays>
    <pays>
        <alpha2Code>MC</alpha2Code>
        <area>2.02</area>
        <capital>Monaco</capital>
        <name>Monaco</name>
        <population>39244</population>
    </pays>
    <pays>
        <alpha2Code>MN</alpha2Code>
        <area>1564110.0</area>
        <capital>Ulan Bator</capital>
        <name>Mongolia</name>
        <population>3278292</population>
    </pays>
    <pays>
        <alpha2Code>ME</alpha2Code>
        <area>13812.0</area>
        <capital>Podgorica</capital>
        <name>Montenegro</name>
        <population>621718</population>
    </pays>
    <pays>
        <alpha2Code>MS</alpha2Code>
        <area>102.0</area>
        <capital>Plymouth</capital>
        <name>Montserrat</name>
        <population>4922</population>
    </pays>
    <pays>
        <alpha2Code>MA</alpha2Code>
        <area>446550.0</area>
        <capital>Rabat</capital>
        <name>Morocco</name>
        <population>36910558</population>
    </pays>
    <pays>
        <alpha2Code>MZ</alpha2Code>
        <area>801590.0</area>
        <capital>Maputo</capital>
        <name>Mozambique</name>
        <population>31255435</population>
    </pays>
    <pays>
        <alpha2Code>MM</alpha2Code>
        <area>676578.0</area>
        <capital>Naypyidaw</capital>
        <name>Myanmar</name>
        <population>54409794</population>
    </pays>
    <pays>
        <alpha2Code>NA</alpha2Code>
        <area>825615.0</area>
        <capital>Windhoek</capital>
        <name>Namibia</name>
        <population>2540916</population>
    </pays>
    <pays>
        <alpha2Code>NR</alpha2Code>
        <area>21.0</area>
        <capital>Yaren</capital>
        <name>Nauru</name>
        <population>10834</population>
    </pays>
    <pays>
        <alpha2Code>NP</alpha2Code>
        <area>147181.0</area>
        <capital>Kathmandu</capital>
        <name>Nepal</name>
        <population>29136808</population>
    </pays>
    <pays>
        <alpha2Code>NL</alpha2Code>
        <area>41850.0</area>
        <capital>Amsterdam</capital>
        <name>Netherlands</name>
        <population>17441139</population>
    </pays>
    <pays>
        <alpha2Code>NC</alpha2Code>
        <area>18575.0</area>
        <capital>Nouméa</capital>
        <name>New Caledonia</name>
        <population>271960</population>
    </pays>
    <pays>
        <alpha2Code>NZ</alpha2Code>
        <area>270467.0</area>
        <capital>Wellington</capital>
        <name>New Zealand</name>
        <population>5084300</population>
    </pays>
    <pays>
        <alpha2Code>NI</alpha2Code>
        <area>130373.0</area>
        <capital>Managua</capital>
        <name>Nicaragua</name>
        <population>6624554</population>
    </pays>
    <pays>
        <alpha2Code>NE</alpha2Code>
        <area>1267000.0</area>
        <capital>Niamey</capital>
        <name>Niger</name>
        <population>24206636</population>
    </pays>
    <pays>
        <alpha2Code>NG</alpha2Code>
        <area>923768.0</area>
        <capital>Abuja</capital>
        <name>Nigeria</name>
        <population>206139587</population>
    </pays>
    <pays>
        <alpha2Code>NU</alpha2Code>
        <area>260.0</area>
        <capital>Alofi</capital>
        <name>Niue</name>
        <population>1470</population>
    </pays>
    <pays>
        <alpha2Code>NF</alpha2Code>
        <area>36.0</area>
        <capital>Kingston</capital>
        <name>Norfolk Island</name>
        <population>2302</population>
    </pays>
    <pays>
        <alpha2Code>KP</alpha2Code>
        <area>120538.0</area>
        <capital>Pyongyang</capital>
        <name>Korea (Democratic People's Republic of)</name>
        <population>25778815</population>
    </pays>
    <pays>
        <alpha2Code>MP</alpha2Code>
        <area>464.0</area>
        <capital>Saipan</capital>
        <name>Northern Mariana Islands</name>
        <population>57557</population>
    </pays>
    <pays>
        <alpha2Code>NO</alpha2Code>
        <area>323802.0</area>
        <capital>Oslo</capital>
        <name>Norway</name>
        <population>5379475</population>
    </pays>
    <pays>
        <alpha2Code>OM</alpha2Code>
        <area>309500.0</area>
        <capital>Muscat</capital>
        <name>Oman</name>
        <population>5106622</population>
    </pays>
    <pays>
        <alpha2Code>PK</alpha2Code>
        <area>881912.0</area>
        <capital>Islamabad</capital>
        <name>Pakistan</name>
        <population>220892331</population>
    </pays>
    <pays>
        <alpha2Code>PW</alpha2Code>
        <area>459.0</area>
        <capital>Ngerulmud</capital>
        <name>Palau</name>
        <population>18092</population>
    </pays>
    <pays>
        <alpha2Code>PS</alpha2Code>
        <area>0.0</area>
        <capital>Ramallah</capital>
        <name>Palestine, State of</name>
        <population>4803269</population>
    </pays>
    <pays>
        <alpha2Code>PA</alpha2Code>
        <area>75417.0</area>
        <capital>Panama City</capital>
        <name>Panama</name>
        <population>4314768</population>
    </pays>
    <pays>
        <alpha2Code>PG</alpha2Code>
        <area>462840.0</area>
        <capital>Port Moresby</capital>
        <name>Papua New Guinea</name>
        <population>8947027</population>
    </pays>
    <pays>
        <alpha2Code>PY</alpha2Code>
        <area>406752.0</area>
        <capital>Asunción</capital>
        <name>Paraguay</name>
        <population>7132530</population>
    </pays>
    <pays>
        <alpha2Code>PE</alpha2Code>
        <area>1285216.0</area>
        <capital>Lima</capital>
        <name>Peru</name>
        <population>32971846</population>
    </pays>
    <pays>
        <alpha2Code>PH</alpha2Code>
        <area>342353.0</area>
        <capital>Manila</capital>
        <name>Philippines</name>
        <population>109581085</population>
    </pays>
    <pays>
        <alpha2Code>PN</alpha2Code>
        <area>47.0</area>
        <capital>Adamstown</capital>
        <name>Pitcairn</name>
        <population>56</population>
    </pays>
    <pays>
        <alpha2Code>PL</alpha2Code>
        <area>312679.0</area>
        <capital>Warsaw</capital>
        <name>Poland</name>
        <population>37950802</population>
    </pays>
    <pays>
        <alpha2Code>PT</alpha2Code>
        <area>92090.0</area>
        <capital>Lisbon</capital>
        <name>Portugal</name>
        <population>10305564</population>
    </pays>
    <pays>
        <alpha2Code>PR</alpha2Code>
        <area>8870.0</area>
        <capital>San Juan</capital>
        <name>Puerto Rico</name>
        <population>3194034</population>
    </pays>
    <pays>
        <alpha2Code>QA</alpha2Code>
        <area>11586.0</area>
        <capital>Doha</capital>
        <name>Qatar</name>
        <population>2881060</population>
    </pays>
    <pays>
        <alpha2Code>XK</alpha2Code>
        <area>10908.0</area>
        <capital>Pristina</capital>
        <name>Republic of Kosovo</name>
        <population>1775378</population>
    </pays>
    <pays>
        <alpha2Code>RE</alpha2Code>
        <area>0.0</area>
        <capital>Saint-Denis</capital>
        <name>Réunion</name>
        <population>840974</population>
    </pays>
    <pays>
        <alpha2Code>RO</alpha2Code>
        <area>238391.0</area>
        <capital>Bucharest</capital>
        <name>Romania</name>
        <population>19286123</population>
    </pays>
    <pays>
        <alpha2Code>RU</alpha2Code>
        <area>1.7124442E7</area>
        <capital>Moscow</capital>
        <name>Russian Federation</name>
        <population>144104080</population>
    </pays>
    <pays>
        <alpha2Code>RW</alpha2Code>
        <area>26338.0</area>
        <capital>Kigali</capital>
        <name>Rwanda</name>
        <population>12952209</population>
    </pays>
    <pays>
        <alpha2Code>BL</alpha2Code>
        <area>21.0</area>
        <capital>Gustavia</capital>
        <name>Saint Barthélemy</name>
        <population>9417</population>
    </pays>
    <pays>
        <alpha2Code>SH</alpha2Code>
        <area>0.0</area>
        <capital>Jamestown</capital>
        <name>Saint Helena, Ascension and Tristan da Cunha</name>
        <population>4255</population>
    </pays>
    <pays>
        <alpha2Code>KN</alpha2Code>
        <area>261.0</area>
        <capital>Basseterre</capital>
        <name>Saint Kitts and Nevis</name>
        <population>53192</population>
    </pays>
    <pays>
        <alpha2Code>LC</alpha2Code>
        <area>616.0</area>
        <capital>Castries</capital>
        <name>Saint Lucia</name>
        <population>183629</population>
    </pays>
    <pays>
        <alpha2Code>MF</alpha2Code>
        <area>53.0</area>
        <capital>Marigot</capital>
        <name>Saint Martin (French part)</name>
        <population>38659</population>
    </pays>
    <pays>
        <alpha2Code>PM</alpha2Code>
        <area>242.0</area>
        <capital>Saint-Pierre</capital>
        <name>Saint Pierre and Miquelon</name>
        <population>6069</population>
    </pays>
    <pays>
        <alpha2Code>VC</alpha2Code>
        <area>389.0</area>
        <capital>Kingstown</capital>
        <name>Saint Vincent and the Grenadines</name>
        <population>110947</population>
    </pays>
    <pays>
        <alpha2Code>WS</alpha2Code>
        <area>2842.0</area>
        <capital>Apia</capital>
        <name>Samoa</name>
        <population>198410</population>
    </pays>
    <pays>
        <alpha2Code>SM</alpha2Code>
        <area>61.0</area>
        <capital>City of San Marino</capital>
        <name>San Marino</name>
        <population>33938</population>
    </pays>
    <pays>
        <alpha2Code>ST</alpha2Code>
        <area>964.0</area>
        <capital>São Tomé</capital>
        <name>Sao Tome and Principe</name>
        <population>219161</population>
    </pays>
    <pays>
        <alpha2Code>SA</alpha2Code>
        <area>2149690.0</area>
        <capital>Riyadh</capital>
        <name>Saudi Arabia</name>
        <population>34813867</population>
    </pays>
    <pays>
        <alpha2Code>SN</alpha2Code>
        <area>196722.0</area>
        <capital>Dakar</capital>
        <name>Senegal</name>
        <population>16743930</population>
    </pays>
    <pays>
        <alpha2Code>RS</alpha2Code>
        <area>88361.0</area>
        <capital>Belgrade</capital>
        <name>Serbia</name>
        <population>6908224</population>
    </pays>
    <pays>
        <alpha2Code>SC</alpha2Code>
        <area>452.0</area>
        <capital>Victoria</capital>
        <name>Seychelles</name>
        <population>98462</population>
    </pays>
    <pays>
        <alpha2Code>SL</alpha2Code>
        <area>71740.0</area>
        <capital>Freetown</capital>
        <name>Sierra Leone</name>
        <population>7976985</population>
    </pays>
    <pays>
        <alpha2Code>SG</alpha2Code>
        <area>710.0</area>
        <capital>Singapore</capital>
        <name>Singapore</name>
        <population>5685807</population>
    </pays>
    <pays>
        <alpha2Code>SX</alpha2Code>
        <area>34.0</area>
        <capital>Philipsburg</capital>
        <name>Sint Maarten (Dutch part)</name>
        <population>40812</population>
    </pays>
    <pays>
        <alpha2Code>SK</alpha2Code>
        <area>49037.0</area>
        <capital>Bratislava</capital>
        <name>Slovakia</name>
        <population>5458827</population>
    </pays>
    <pays>
        <alpha2Code>SI</alpha2Code>
        <area>20273.0</area>
        <capital>Ljubljana</capital>
        <name>Slovenia</name>
        <population>2100126</population>
    </pays>
    <pays>
        <alpha2Code>SB</alpha2Code>
        <area>28896.0</area>
        <capital>Honiara</capital>
        <name>Solomon Islands</name>
        <population>686878</population>
    </pays>
    <pays>
        <alpha2Code>SO</alpha2Code>
        <area>637657.0</area>
        <capital>Mogadishu</capital>
        <name>Somalia</name>
        <population>15893219</population>
    </pays>
    <pays>
        <alpha2Code>ZA</alpha2Code>
        <area>1221037.0</area>
        <capital>Pretoria</capital>
        <name>South Africa</name>
        <population>59308690</population>
    </pays>
    <pays>
        <alpha2Code>GS</alpha2Code>
        <area>0.0</area>
        <capital>King Edward Point</capital>
        <name>South Georgia and the South Sandwich Islands</name>
        <population>30</population>
    </pays>
    <pays>
        <alpha2Code>KR</alpha2Code>
        <area>100210.0</area>
        <capital>Seoul</capital>
        <name>Korea (Republic of)</name>
        <population>51780579</population>
    </pays>
    <pays>
        <alpha2Code>ES</alpha2Code>
        <area>505992.0</area>
        <capital>Madrid</capital>
        <name>Spain</name>
        <population>47351567</population>
    </pays>
    <pays>
        <alpha2Code>LK</alpha2Code>
        <area>65610.0</area>
        <capital>Sri Jayawardenepura Kotte</capital>
        <name>Sri Lanka</name>
        <population>21919000</population>
    </pays>
    <pays>
        <alpha2Code>SD</alpha2Code>
        <area>1886068.0</area>
        <capital>Khartoum</capital>
        <name>Sudan</name>
        <population>43849269</population>
    </pays>
    <pays>
        <alpha2Code>SS</alpha2Code>
        <area>619745.0</area>
        <capital>Juba</capital>
        <name>South Sudan</name>
        <population>11193729</population>
    </pays>
    <pays>
        <alpha2Code>SR</alpha2Code>
        <area>163820.0</area>
        <capital>Paramaribo</capital>
        <name>Suriname</name>
        <population>586634</population>
    </pays>
    <pays>
        <alpha2Code>SJ</alpha2Code>
        <area>0.0</area>
        <capital>Longyearbyen</capital>
        <name>Svalbard and Jan Mayen</name>
        <population>2562</population>
    </pays>
    <pays>
        <alpha2Code>SZ</alpha2Code>
        <area>17364.0</area>
        <capital>Mbabane</capital>
        <name>Swaziland</name>
        <population>1160164</population>
    </pays>
    <pays>
        <alpha2Code>SE</alpha2Code>
        <area>450295.0</area>
        <capital>Stockholm</capital>
        <name>Sweden</name>
        <population>10353442</population>
    </pays>
    <pays>
        <alpha2Code>CH</alpha2Code>
        <area>41284.0</area>
        <capital>Bern</capital>
        <name>Switzerland</name>
        <population>8636896</population>
    </pays>
    <pays>
        <alpha2Code>SY</alpha2Code>
        <area>185180.0</area>
        <capital>Damascus</capital>
        <name>Syrian Arab Republic</name>
        <population>17500657</population>
    </pays>
    <pays>
        <alpha2Code>TW</alpha2Code>
        <area>36193.0</area>
        <capital>Taipei</capital>
        <name>Taiwan</name>
        <population>23503349</population>
    </pays>
    <pays>
        <alpha2Code>TJ</alpha2Code>
        <area>143100.0</area>
        <capital>Dushanbe</capital>
        <name>Tajikistan</name>
        <population>9537642</population>
    </pays>
    <pays>
        <alpha2Code>TZ</alpha2Code>
        <area>945087.0</area>
        <capital>Dodoma</capital>
        <name>Tanzania, United Republic of</name>
        <population>59734213</population>
    </pays>
    <pays>
        <alpha2Code>TH</alpha2Code>
        <area>513120.0</area>
        <capital>Bangkok</capital>
        <name>Thailand</name>
        <population>69799978</population>
    </pays>
    <pays>
        <alpha2Code>TL</alpha2Code>
        <area>14874.0</area>
        <capital>Dili</capital>
        <name>Timor-Leste</name>
        <population>1318442</population>
    </pays>
    <pays>
        <alpha2Code>TG</alpha2Code>
        <area>56785.0</area>
        <capital>Lomé</capital>
        <name>Togo</name>
        <population>8278737</population>
    </pays>
    <pays>
        <alpha2Code>TK</alpha2Code>
        <area>12.0</area>
        <capital>Fakaofo</capital>
        <name>Tokelau</name>
        <population>1411</population>
    </pays>
    <pays>
        <alpha2Code>TO</alpha2Code>
        <area>747.0</area>
        <capital>Nuku'alofa</capital>
        <name>Tonga</name>
        <population>105697</population>
    </pays>
    <pays>
        <alpha2Code>TT</alpha2Code>
        <area>5130.0</area>
        <capital>Port of Spain</capital>
        <name>Trinidad and Tobago</name>
        <population>1399491</population>
    </pays>
    <pays>
        <alpha2Code>TN</alpha2Code>
        <area>163610.0</area>
        <capital>Tunis</capital>
        <name>Tunisia</name>
        <population>11818618</population>
    </pays>
    <pays>
        <alpha2Code>TR</alpha2Code>
        <area>783562.0</area>
        <capital>Ankara</capital>
        <name>Turkey</name>
        <population>84339067</population>
    </pays>
    <pays>
        <alpha2Code>TM</alpha2Code>
        <area>488100.0</area>
        <capital>Ashgabat</capital>
        <name>Turkmenistan</name>
        <population>6031187</population>
    </pays>
    <pays>
        <alpha2Code>TC</alpha2Code>
        <area>948.0</area>
        <capital>Cockburn Town</capital>
        <name>Turks and Caicos Islands</name>
        <population>38718</population>
    </pays>
    <pays>
        <alpha2Code>TV</alpha2Code>
        <area>26.0</area>
        <capital>Funafuti</capital>
        <name>Tuvalu</name>
        <population>11792</population>
    </pays>
    <pays>
        <alpha2Code>UG</alpha2Code>
        <area>241550.0</area>
        <capital>Kampala</capital>
        <name>Uganda</name>
        <population>45741000</population>
    </pays>
    <pays>
        <alpha2Code>UA</alpha2Code>
        <area>603700.0</area>
        <capital>Kyiv</capital>
        <name>Ukraine</name>
        <population>44134693</population>
    </pays>
    <pays>
        <alpha2Code>AE</alpha2Code>
        <area>83600.0</area>
        <capital>Abu Dhabi</capital>
        <name>United Arab Emirates</name>
        <population>9890400</population>
    </pays>
    <pays>
        <alpha2Code>GB</alpha2Code>
        <area>242900.0</area>
        <capital>London</capital>
        <name>United Kingdom of Great Britain and Northern Ireland</name>
        <population>67215293</population>
    </pays>
    <pays>
        <alpha2Code>US</alpha2Code>
        <area>9629091.0</area>
        <capital>Washington, D.C.</capital>
        <name>United States of America</name>
        <population>329484123</population>
    </pays>
    <pays>
        <alpha2Code>UY</alpha2Code>
        <area>181034.0</area>
        <capital>Montevideo</capital>
        <name>Uruguay</name>
        <population>3473727</population>
    </pays>
    <pays>
        <alpha2Code>UZ</alpha2Code>
        <area>447400.0</area>
        <capital>Tashkent</capital>
        <name>Uzbekistan</name>
        <population>34232050</population>
    </pays>
    <pays>
        <alpha2Code>VU</alpha2Code>
        <area>12189.0</area>
        <capital>Port Vila</capital>
        <name>Vanuatu</name>
        <population>307150</population>
    </pays>
    <pays>
        <alpha2Code>VE</alpha2Code>
        <area>916445.0</area>
        <capital>Caracas</capital>
        <name>Venezuela (Bolivarian Republic of)</name>
        <population>28435943</population>
    </pays>
    <pays>
        <alpha2Code>VN</alpha2Code>
        <area>331212.0</area>
        <capital>Hanoi</capital>
        <name>Vietnam</name>
        <population>97338583</population>
    </pays>
    <pays>
        <alpha2Code>WF</alpha2Code>
        <area>142.0</area>
        <capital>Mata-Utu</capital>
        <name>Wallis and Futuna</name>
        <population>11750</population>
    </pays>
    <pays>
        <alpha2Code>EH</alpha2Code>
        <area>266000.0</area>
        <capital>El Aaiún</capital>
        <name>Western Sahara</name>
        <population>510713</population>
    </pays>
    <pays>
        <alpha2Code>YE</alpha2Code>
        <area>527968.0</area>
        <capital>Sana'a</capital>
        <name>Yemen</name>
        <population>29825968</population>
    </pays>
    <pays>
        <alpha2Code>ZM</alpha2Code>
        <area>752618.0</area>
        <capital>Lusaka</capital>
        <name>Zambia</name>
        <population>18383956</population>
    </pays>
    <pays>
        <alpha2Code>ZW</alpha2Code>
        <area>390757.0</area>
        <capital>Harare</capital>
        <name>Zimbabwe</name>
        <population>14862927</population>
    </pays>
</liste>
